﻿<?xml version="1.0" encoding="utf-8" ?>
<localizationDictionary culture="tr">
  <texts>
    <text name="TaskSystem" value="Görev Sistemi" />
    <text name="TaskList" value="Görev Listesi" />
    <text name="NewTask" value="Yeni Görev" />
    <text name="Xtasks" value="{0} görev" />
    <text name="AllTasks" value="Tüm görevler" />
    <text name="ActiveTasks" value="Aktif görevler" />
    <text name="CompletedTasks" value="Tamamlanmış görevler" />
    <text name="TaskDescription" value="Görev tanımı" />
    <text name="EnterDescriptionHere" value="Tanımı buraya giriniz" />
    <text name="AssignTo" value="Atanan kişi" />
    <text name="SelectPerson" value="Kişi seçin" />
    <text name="CreateTheTask" value="Görevi oluştur" />
    <text name="TaskUpdatedMessage" value="Görev başarıyla güncellendi." />
    <text name="TaskCreatedMessage" value="{0} görevi başarıyla oluşturuldu." />
  </texts>
</localizationDictionary>